sample,mag,fna
S15_350,SPAdes-MetaBAT2Refined-S15_350.62,/mnt/beegfs/home/mrojas/DiGenomaLab/Systemix/analysis/mag-adg-spades/Prokka/SPAdes/SPAdes-MetaBAT2Refined-S15_350.62/SPAdes-MetaBAT2Refined-S15_350.62.fna
S7_350,SPAdes-MaxBin2Refined-S7_350.029_sub,/mnt/beegfs/home/mrojas/DiGenomaLab/Systemix/analysis/mag-adg-spades/Prokka/SPAdes/SPAdes-MaxBin2Refined-S7_350.029_sub/SPAdes-MaxBin2Refined-S7_350.029_sub.fna
S7_350,SPAdes-MaxBin2Refined-S7_350.070_sub,/mnt/beegfs/home/mrojas/DiGenomaLab/Systemix/analysis/mag-adg-spades/Prokka/SPAdes/SPAdes-MaxBin2Refined-S7_350.070_sub/SPAdes-MaxBin2Refined-S7_350.070_sub.fna
S7_350,SPAdes-MetaBAT2Refined-S7_350.161,/mnt/beegfs/home/mrojas/DiGenomaLab/Systemix/analysis/mag-adg-spades/Prokka/SPAdes/SPAdes-MetaBAT2Refined-S7_350.161/SPAdes-MetaBAT2Refined-S7_350.161.fna
17,SPAdes-MetaBAT2Refined-17.161_sub,/mnt/beegfs/home/mrojas/DiGenomaLab/Systemix/analysis/mag-adg-spades/Prokka/SPAdes/SPAdes-MetaBAT2Refined-17.161_sub/SPAdes-MetaBAT2Refined-17.161_sub.fna
17,SPAdes-MetaBAT2Refined-17.84,/mnt/beegfs/home/mrojas/DiGenomaLab/Systemix/analysis/mag-adg-spades/Prokka/SPAdes/SPAdes-MetaBAT2Refined-17.84/SPAdes-MetaBAT2Refined-17.84.fna
17,SPAdes-MetaBAT2Refined-17.154_sub,/mnt/beegfs/home/mrojas/DiGenomaLab/Systemix/analysis/mag-adg-spades/Prokka/SPAdes/SPAdes-MetaBAT2Refined-17.154_sub/SPAdes-MetaBAT2Refined-17.154_sub.fna
S7_350,SPAdes-MetaBAT2Refined-S7_350.147,/mnt/beegfs/home/mrojas/DiGenomaLab/Systemix/analysis/mag-adg-spades/Prokka/SPAdes/SPAdes-MetaBAT2Refined-S7_350.147/SPAdes-MetaBAT2Refined-S7_350.147.fna
17,SPAdes-MetaBAT2Refined-17.155,/mnt/beegfs/home/mrojas/DiGenomaLab/Systemix/analysis/mag-adg-spades/Prokka/SPAdes/SPAdes-MetaBAT2Refined-17.155/SPAdes-MetaBAT2Refined-17.155.fna
17,SPAdes-MetaBAT2Refined-17.39_sub,/mnt/beegfs/home/mrojas/DiGenomaLab/Systemix/analysis/mag-adg-spades/Prokka/SPAdes/SPAdes-MetaBAT2Refined-17.39_sub/SPAdes-MetaBAT2Refined-17.39_sub.fna
17,SPAdes-MaxBin2Refined-17.071_sub,/mnt/beegfs/home/mrojas/DiGenomaLab/Systemix/analysis/mag-adg-spades/Prokka/SPAdes/SPAdes-MaxBin2Refined-17.071_sub/SPAdes-MaxBin2Refined-17.071_sub.fna
17,SPAdes-MaxBin2Refined-17.081_sub,/mnt/beegfs/home/mrojas/DiGenomaLab/Systemix/analysis/mag-adg-spades/Prokka/SPAdes/SPAdes-MaxBin2Refined-17.081_sub/SPAdes-MaxBin2Refined-17.081_sub.fna
S7_350,SPAdes-MetaBAT2Refined-S7_350.131,/mnt/beegfs/home/mrojas/DiGenomaLab/Systemix/analysis/mag-adg-spades/Prokka/SPAdes/SPAdes-MetaBAT2Refined-S7_350.131/SPAdes-MetaBAT2Refined-S7_350.131.fna
17,SPAdes-MaxBin2Refined-17.001,/mnt/beegfs/home/mrojas/DiGenomaLab/Systemix/analysis/mag-adg-spades/Prokka/SPAdes/SPAdes-MaxBin2Refined-17.001/SPAdes-MaxBin2Refined-17.001.fna
S7_350,SPAdes-MaxBin2Refined-S7_350.012_sub,/mnt/beegfs/home/mrojas/DiGenomaLab/Systemix/analysis/mag-adg-spades/Prokka/SPAdes/SPAdes-MaxBin2Refined-S7_350.012_sub/SPAdes-MaxBin2Refined-S7_350.012_sub.fna
S15_350,SPAdes-MetaBAT2Refined-S15_350.20,/mnt/beegfs/home/mrojas/DiGenomaLab/Systemix/analysis/mag-adg-spades/Prokka/SPAdes/SPAdes-MetaBAT2Refined-S15_350.20/SPAdes-MetaBAT2Refined-S15_350.20.fna
17,SPAdes-MetaBAT2Refined-17.79,/mnt/beegfs/home/mrojas/DiGenomaLab/Systemix/analysis/mag-adg-spades/Prokka/SPAdes/SPAdes-MetaBAT2Refined-17.79/SPAdes-MetaBAT2Refined-17.79.fna
S15_350,SPAdes-MaxBin2Refined-S15_350.061_sub,/mnt/beegfs/home/mrojas/DiGenomaLab/Systemix/analysis/mag-adg-spades/Prokka/SPAdes/SPAdes-MaxBin2Refined-S15_350.061_sub/SPAdes-MaxBin2Refined-S15_350.061_sub.fna
17,SPAdes-MetaBAT2Refined-17.165,/mnt/beegfs/home/mrojas/DiGenomaLab/Systemix/analysis/mag-adg-spades/Prokka/SPAdes/SPAdes-MetaBAT2Refined-17.165/SPAdes-MetaBAT2Refined-17.165.fna
S15_350,SPAdes-MetaBAT2Refined-S15_350.21,/mnt/beegfs/home/mrojas/DiGenomaLab/Systemix/analysis/mag-adg-spades/Prokka/SPAdes/SPAdes-MetaBAT2Refined-S15_350.21/SPAdes-MetaBAT2Refined-S15_350.21.fna
17,SPAdes-MaxBin2Refined-17.026,/mnt/beegfs/home/mrojas/DiGenomaLab/Systemix/analysis/mag-adg-spades/Prokka/SPAdes/SPAdes-MaxBin2Refined-17.026/SPAdes-MaxBin2Refined-17.026.fna
S7_350,SPAdes-MetaBAT2Refined-S7_350.63,/mnt/beegfs/home/mrojas/DiGenomaLab/Systemix/analysis/mag-adg-spades/Prokka/SPAdes/SPAdes-MetaBAT2Refined-S7_350.63/SPAdes-MetaBAT2Refined-S7_350.63.fna
S15_350,SPAdes-MetaBAT2Refined-S15_350.68,/mnt/beegfs/home/mrojas/DiGenomaLab/Systemix/analysis/mag-adg-spades/Prokka/SPAdes/SPAdes-MetaBAT2Refined-S15_350.68/SPAdes-MetaBAT2Refined-S15_350.68.fna
S15_350,SPAdes-MetaBAT2Refined-S15_350.50,/mnt/beegfs/home/mrojas/DiGenomaLab/Systemix/analysis/mag-adg-spades/Prokka/SPAdes/SPAdes-MetaBAT2Refined-S15_350.50/SPAdes-MetaBAT2Refined-S15_350.50.fna
17,SPAdes-MetaBAT2Refined-17.176,/mnt/beegfs/home/mrojas/DiGenomaLab/Systemix/analysis/mag-adg-spades/Prokka/SPAdes/SPAdes-MetaBAT2Refined-17.176/SPAdes-MetaBAT2Refined-17.176.fna
S15_350,SPAdes-MetaBAT2Refined-S15_350.46_sub,/mnt/beegfs/home/mrojas/DiGenomaLab/Systemix/analysis/mag-adg-spades/Prokka/SPAdes/SPAdes-MetaBAT2Refined-S15_350.46_sub/SPAdes-MetaBAT2Refined-S15_350.46_sub.fna
S15_350,SPAdes-MetaBAT2Refined-S15_350.13_sub,/mnt/beegfs/home/mrojas/DiGenomaLab/Systemix/analysis/mag-adg-spades/Prokka/SPAdes/SPAdes-MetaBAT2Refined-S15_350.13_sub/SPAdes-MetaBAT2Refined-S15_350.13_sub.fna
S7_350,SPAdes-MetaBAT2Refined-S7_350.156,/mnt/beegfs/home/mrojas/DiGenomaLab/Systemix/analysis/mag-adg-spades/Prokka/SPAdes/SPAdes-MetaBAT2Refined-S7_350.156/SPAdes-MetaBAT2Refined-S7_350.156.fna
S15_350,SPAdes-MaxBin2Refined-S15_350.051_sub,/mnt/beegfs/home/mrojas/DiGenomaLab/Systemix/analysis/mag-adg-spades/Prokka/SPAdes/SPAdes-MaxBin2Refined-S15_350.051_sub/SPAdes-MaxBin2Refined-S15_350.051_sub.fna
S7_350,SPAdes-MaxBin2Refined-S7_350.091_sub,/mnt/beegfs/home/mrojas/DiGenomaLab/Systemix/analysis/mag-adg-spades/Prokka/SPAdes/SPAdes-MaxBin2Refined-S7_350.091_sub/SPAdes-MaxBin2Refined-S7_350.091_sub.fna
S15_350,SPAdes-MetaBAT2Refined-S15_350.16,/mnt/beegfs/home/mrojas/DiGenomaLab/Systemix/analysis/mag-adg-spades/Prokka/SPAdes/SPAdes-MetaBAT2Refined-S15_350.16/SPAdes-MetaBAT2Refined-S15_350.16.fna
17,SPAdes-MetaBAT2Refined-17.83,/mnt/beegfs/home/mrojas/DiGenomaLab/Systemix/analysis/mag-adg-spades/Prokka/SPAdes/SPAdes-MetaBAT2Refined-17.83/SPAdes-MetaBAT2Refined-17.83.fna
S7_350,SPAdes-MetaBAT2Refined-S7_350.111,/mnt/beegfs/home/mrojas/DiGenomaLab/Systemix/analysis/mag-adg-spades/Prokka/SPAdes/SPAdes-MetaBAT2Refined-S7_350.111/SPAdes-MetaBAT2Refined-S7_350.111.fna
17,SPAdes-MaxBin2Refined-17.100,/mnt/beegfs/home/mrojas/DiGenomaLab/Systemix/analysis/mag-adg-spades/Prokka/SPAdes/SPAdes-MaxBin2Refined-17.100/SPAdes-MaxBin2Refined-17.100.fna
17,SPAdes-MetaBAT2Refined-17.44_sub,/mnt/beegfs/home/mrojas/DiGenomaLab/Systemix/analysis/mag-adg-spades/Prokka/SPAdes/SPAdes-MetaBAT2Refined-17.44_sub/SPAdes-MetaBAT2Refined-17.44_sub.fna
S15_350,SPAdes-MetaBAT2Refined-S15_350.41_sub,/mnt/beegfs/home/mrojas/DiGenomaLab/Systemix/analysis/mag-adg-spades/Prokka/SPAdes/SPAdes-MetaBAT2Refined-S15_350.41_sub/SPAdes-MetaBAT2Refined-S15_350.41_sub.fna
S7_350,SPAdes-MetaBAT2Refined-S7_350.135_sub,/mnt/beegfs/home/mrojas/DiGenomaLab/Systemix/analysis/mag-adg-spades/Prokka/SPAdes/SPAdes-MetaBAT2Refined-S7_350.135_sub/SPAdes-MetaBAT2Refined-S7_350.135_sub.fna
17,SPAdes-MetaBAT2Refined-17.148,/mnt/beegfs/home/mrojas/DiGenomaLab/Systemix/analysis/mag-adg-spades/Prokka/SPAdes/SPAdes-MetaBAT2Refined-17.148/SPAdes-MetaBAT2Refined-17.148.fna
17,SPAdes-MaxBin2Refined-17.086,/mnt/beegfs/home/mrojas/DiGenomaLab/Systemix/analysis/mag-adg-spades/Prokka/SPAdes/SPAdes-MaxBin2Refined-17.086/SPAdes-MaxBin2Refined-17.086.fna
17,SPAdes-MetaBAT2Refined-17.56,/mnt/beegfs/home/mrojas/DiGenomaLab/Systemix/analysis/mag-adg-spades/Prokka/SPAdes/SPAdes-MetaBAT2Refined-17.56/SPAdes-MetaBAT2Refined-17.56.fna
S15_350,SPAdes-MetaBAT2Refined-S15_350.77,/mnt/beegfs/home/mrojas/DiGenomaLab/Systemix/analysis/mag-adg-spades/Prokka/SPAdes/SPAdes-MetaBAT2Refined-S15_350.77/SPAdes-MetaBAT2Refined-S15_350.77.fna
S7_350,SPAdes-MaxBin2Refined-S7_350.057_sub,/mnt/beegfs/home/mrojas/DiGenomaLab/Systemix/analysis/mag-adg-spades/Prokka/SPAdes/SPAdes-MaxBin2Refined-S7_350.057_sub/SPAdes-MaxBin2Refined-S7_350.057_sub.fna
S7_350,SPAdes-MaxBin2Refined-S7_350.043_sub,/mnt/beegfs/home/mrojas/DiGenomaLab/Systemix/analysis/mag-adg-spades/Prokka/SPAdes/SPAdes-MaxBin2Refined-S7_350.043_sub/SPAdes-MaxBin2Refined-S7_350.043_sub.fna
17,SPAdes-MaxBin2Refined-17.106,/mnt/beegfs/home/mrojas/DiGenomaLab/Systemix/analysis/mag-adg-spades/Prokka/SPAdes/SPAdes-MaxBin2Refined-17.106/SPAdes-MaxBin2Refined-17.106.fna
17,SPAdes-MaxBin2Refined-17.003_sub,/mnt/beegfs/home/mrojas/DiGenomaLab/Systemix/analysis/mag-adg-spades/Prokka/SPAdes/SPAdes-MaxBin2Refined-17.003_sub/SPAdes-MaxBin2Refined-17.003_sub.fna
17,SPAdes-MaxBin2Refined-17.046,/mnt/beegfs/home/mrojas/DiGenomaLab/Systemix/analysis/mag-adg-spades/Prokka/SPAdes/SPAdes-MaxBin2Refined-17.046/SPAdes-MaxBin2Refined-17.046.fna
S15_350,SPAdes-MaxBin2Refined-S15_350.064,/mnt/beegfs/home/mrojas/DiGenomaLab/Systemix/analysis/mag-adg-spades/Prokka/SPAdes/SPAdes-MaxBin2Refined-S15_350.064/SPAdes-MaxBin2Refined-S15_350.064.fna
17,SPAdes-MaxBin2Refined-17.101,/mnt/beegfs/home/mrojas/DiGenomaLab/Systemix/analysis/mag-adg-spades/Prokka/SPAdes/SPAdes-MaxBin2Refined-17.101/SPAdes-MaxBin2Refined-17.101.fna
S15_350,SPAdes-MaxBin2Refined-S15_350.038_sub,/mnt/beegfs/home/mrojas/DiGenomaLab/Systemix/analysis/mag-adg-spades/Prokka/SPAdes/SPAdes-MaxBin2Refined-S15_350.038_sub/SPAdes-MaxBin2Refined-S15_350.038_sub.fna
S15_350,SPAdes-MetaBAT2Refined-S15_350.28,/mnt/beegfs/home/mrojas/DiGenomaLab/Systemix/analysis/mag-adg-spades/Prokka/SPAdes/SPAdes-MetaBAT2Refined-S15_350.28/SPAdes-MetaBAT2Refined-S15_350.28.fna
S7_350,SPAdes-MetaBAT2Refined-S7_350.145,/mnt/beegfs/home/mrojas/DiGenomaLab/Systemix/analysis/mag-adg-spades/Prokka/SPAdes/SPAdes-MetaBAT2Refined-S7_350.145/SPAdes-MetaBAT2Refined-S7_350.145.fna
S7_350,SPAdes-MaxBin2Refined-S7_350.027,/mnt/beegfs/home/mrojas/DiGenomaLab/Systemix/analysis/mag-adg-spades/Prokka/SPAdes/SPAdes-MaxBin2Refined-S7_350.027/SPAdes-MaxBin2Refined-S7_350.027.fna
S7_350,SPAdes-MaxBin2Refined-S7_350.022,/mnt/beegfs/home/mrojas/DiGenomaLab/Systemix/analysis/mag-adg-spades/Prokka/SPAdes/SPAdes-MaxBin2Refined-S7_350.022/SPAdes-MaxBin2Refined-S7_350.022.fna
17,SPAdes-MaxBin2Refined-17.008,/mnt/beegfs/home/mrojas/DiGenomaLab/Systemix/analysis/mag-adg-spades/Prokka/SPAdes/SPAdes-MaxBin2Refined-17.008/SPAdes-MaxBin2Refined-17.008.fna
S15_350,SPAdes-MetaBAT2Refined-S15_350.85,/mnt/beegfs/home/mrojas/DiGenomaLab/Systemix/analysis/mag-adg-spades/Prokka/SPAdes/SPAdes-MetaBAT2Refined-S15_350.85/SPAdes-MetaBAT2Refined-S15_350.85.fna
17,SPAdes-MetaBAT2Refined-17.93,/mnt/beegfs/home/mrojas/DiGenomaLab/Systemix/analysis/mag-adg-spades/Prokka/SPAdes/SPAdes-MetaBAT2Refined-17.93/SPAdes-MetaBAT2Refined-17.93.fna
S7_350,SPAdes-MetaBAT2Refined-S7_350.144_sub,/mnt/beegfs/home/mrojas/DiGenomaLab/Systemix/analysis/mag-adg-spades/Prokka/SPAdes/SPAdes-MetaBAT2Refined-S7_350.144_sub/SPAdes-MetaBAT2Refined-S7_350.144_sub.fna
S7_350,SPAdes-MetaBAT2Refined-S7_350.11,/mnt/beegfs/home/mrojas/DiGenomaLab/Systemix/analysis/mag-adg-spades/Prokka/SPAdes/SPAdes-MetaBAT2Refined-S7_350.11/SPAdes-MetaBAT2Refined-S7_350.11.fna
S7_350,SPAdes-MetaBAT2Refined-S7_350.2,/mnt/beegfs/home/mrojas/DiGenomaLab/Systemix/analysis/mag-adg-spades/Prokka/SPAdes/SPAdes-MetaBAT2Refined-S7_350.2/SPAdes-MetaBAT2Refined-S7_350.2.fna
17,SPAdes-MetaBAT2Refined-17.177,/mnt/beegfs/home/mrojas/DiGenomaLab/Systemix/analysis/mag-adg-spades/Prokka/SPAdes/SPAdes-MetaBAT2Refined-17.177/SPAdes-MetaBAT2Refined-17.177.fna
17,SPAdes-MetaBAT2Refined-17.178_sub,/mnt/beegfs/home/mrojas/DiGenomaLab/Systemix/analysis/mag-adg-spades/Prokka/SPAdes/SPAdes-MetaBAT2Refined-17.178_sub/SPAdes-MetaBAT2Refined-17.178_sub.fna
17,SPAdes-MetaBAT2Refined-17.204,/mnt/beegfs/home/mrojas/DiGenomaLab/Systemix/analysis/mag-adg-spades/Prokka/SPAdes/SPAdes-MetaBAT2Refined-17.204/SPAdes-MetaBAT2Refined-17.204.fna
17,SPAdes-MetaBAT2Refined-17.121,/mnt/beegfs/home/mrojas/DiGenomaLab/Systemix/analysis/mag-adg-spades/Prokka/SPAdes/SPAdes-MetaBAT2Refined-17.121/SPAdes-MetaBAT2Refined-17.121.fna
17,SPAdes-MetaBAT2Refined-17.23,/mnt/beegfs/home/mrojas/DiGenomaLab/Systemix/analysis/mag-adg-spades/Prokka/SPAdes/SPAdes-MetaBAT2Refined-17.23/SPAdes-MetaBAT2Refined-17.23.fna
S15_350,SPAdes-MaxBin2Refined-S15_350.046_sub,/mnt/beegfs/home/mrojas/DiGenomaLab/Systemix/analysis/mag-adg-spades/Prokka/SPAdes/SPAdes-MaxBin2Refined-S15_350.046_sub/SPAdes-MaxBin2Refined-S15_350.046_sub.fna
S7_350,SPAdes-MaxBin2Refined-S7_350.106,/mnt/beegfs/home/mrojas/DiGenomaLab/Systemix/analysis/mag-adg-spades/Prokka/SPAdes/SPAdes-MaxBin2Refined-S7_350.106/SPAdes-MaxBin2Refined-S7_350.106.fna
17,SPAdes-MetaBAT2Refined-17.135,/mnt/beegfs/home/mrojas/DiGenomaLab/Systemix/analysis/mag-adg-spades/Prokka/SPAdes/SPAdes-MetaBAT2Refined-17.135/SPAdes-MetaBAT2Refined-17.135.fna
S7_350,SPAdes-MetaBAT2Refined-S7_350.160,/mnt/beegfs/home/mrojas/DiGenomaLab/Systemix/analysis/mag-adg-spades/Prokka/SPAdes/SPAdes-MetaBAT2Refined-S7_350.160/SPAdes-MetaBAT2Refined-S7_350.160.fna
17,SPAdes-MetaBAT2Refined-17.2,/mnt/beegfs/home/mrojas/DiGenomaLab/Systemix/analysis/mag-adg-spades/Prokka/SPAdes/SPAdes-MetaBAT2Refined-17.2/SPAdes-MetaBAT2Refined-17.2.fna
S7_350,SPAdes-MaxBin2Refined-S7_350.104_sub,/mnt/beegfs/home/mrojas/DiGenomaLab/Systemix/analysis/mag-adg-spades/Prokka/SPAdes/SPAdes-MaxBin2Refined-S7_350.104_sub/SPAdes-MaxBin2Refined-S7_350.104_sub.fna
S7_350,SPAdes-MaxBin2Refined-S7_350.051,/mnt/beegfs/home/mrojas/DiGenomaLab/Systemix/analysis/mag-adg-spades/Prokka/SPAdes/SPAdes-MaxBin2Refined-S7_350.051/SPAdes-MaxBin2Refined-S7_350.051.fna
17,SPAdes-MaxBin2Refined-17.039_sub,/mnt/beegfs/home/mrojas/DiGenomaLab/Systemix/analysis/mag-adg-spades/Prokka/SPAdes/SPAdes-MaxBin2Refined-17.039_sub/SPAdes-MaxBin2Refined-17.039_sub.fna
S15_350,SPAdes-MaxBin2Refined-S15_350.007_sub,/mnt/beegfs/home/mrojas/DiGenomaLab/Systemix/analysis/mag-adg-spades/Prokka/SPAdes/SPAdes-MaxBin2Refined-S15_350.007_sub/SPAdes-MaxBin2Refined-S15_350.007_sub.fna
17,SPAdes-MetaBAT2Refined-17.168_sub,/mnt/beegfs/home/mrojas/DiGenomaLab/Systemix/analysis/mag-adg-spades/Prokka/SPAdes/SPAdes-MetaBAT2Refined-17.168_sub/SPAdes-MetaBAT2Refined-17.168_sub.fna
17,SPAdes-MaxBin2Refined-17.150,/mnt/beegfs/home/mrojas/DiGenomaLab/Systemix/analysis/mag-adg-spades/Prokka/SPAdes/SPAdes-MaxBin2Refined-17.150/SPAdes-MaxBin2Refined-17.150.fna
17,SPAdes-MaxBin2Refined-17.029,/mnt/beegfs/home/mrojas/DiGenomaLab/Systemix/analysis/mag-adg-spades/Prokka/SPAdes/SPAdes-MaxBin2Refined-17.029/SPAdes-MaxBin2Refined-17.029.fna
S7_350,SPAdes-MetaBAT2Refined-S7_350.64,/mnt/beegfs/home/mrojas/DiGenomaLab/Systemix/analysis/mag-adg-spades/Prokka/SPAdes/SPAdes-MetaBAT2Refined-S7_350.64/SPAdes-MetaBAT2Refined-S7_350.64.fna
17,SPAdes-MaxBin2Refined-17.105_sub,/mnt/beegfs/home/mrojas/DiGenomaLab/Systemix/analysis/mag-adg-spades/Prokka/SPAdes/SPAdes-MaxBin2Refined-17.105_sub/SPAdes-MaxBin2Refined-17.105_sub.fna
17,SPAdes-MetaBAT2Refined-17.136,/mnt/beegfs/home/mrojas/DiGenomaLab/Systemix/analysis/mag-adg-spades/Prokka/SPAdes/SPAdes-MetaBAT2Refined-17.136/SPAdes-MetaBAT2Refined-17.136.fna
17,SPAdes-MetaBAT2Refined-17.95,/mnt/beegfs/home/mrojas/DiGenomaLab/Systemix/analysis/mag-adg-spades/Prokka/SPAdes/SPAdes-MetaBAT2Refined-17.95/SPAdes-MetaBAT2Refined-17.95.fna
S7_350,SPAdes-MetaBAT2Refined-S7_350.93,/mnt/beegfs/home/mrojas/DiGenomaLab/Systemix/analysis/mag-adg-spades/Prokka/SPAdes/SPAdes-MetaBAT2Refined-S7_350.93/SPAdes-MetaBAT2Refined-S7_350.93.fna
17,SPAdes-MetaBAT2Refined-17.89_sub,/mnt/beegfs/home/mrojas/DiGenomaLab/Systemix/analysis/mag-adg-spades/Prokka/SPAdes/SPAdes-MetaBAT2Refined-17.89_sub/SPAdes-MetaBAT2Refined-17.89_sub.fna
S7_350,SPAdes-MaxBin2Refined-S7_350.064_sub,/mnt/beegfs/home/mrojas/DiGenomaLab/Systemix/analysis/mag-adg-spades/Prokka/SPAdes/SPAdes-MaxBin2Refined-S7_350.064_sub/SPAdes-MaxBin2Refined-S7_350.064_sub.fna
17,SPAdes-MetaBAT2Refined-17.71,/mnt/beegfs/home/mrojas/DiGenomaLab/Systemix/analysis/mag-adg-spades/Prokka/SPAdes/SPAdes-MetaBAT2Refined-17.71/SPAdes-MetaBAT2Refined-17.71.fna
S15_350,SPAdes-MetaBAT2Refined-S15_350.74,/mnt/beegfs/home/mrojas/DiGenomaLab/Systemix/analysis/mag-adg-spades/Prokka/SPAdes/SPAdes-MetaBAT2Refined-S15_350.74/SPAdes-MetaBAT2Refined-S15_350.74.fna
17,SPAdes-MaxBin2Refined-17.162,/mnt/beegfs/home/mrojas/DiGenomaLab/Systemix/analysis/mag-adg-spades/Prokka/SPAdes/SPAdes-MaxBin2Refined-17.162/SPAdes-MaxBin2Refined-17.162.fna
S15_350,SPAdes-MetaBAT2Refined-S15_350.86,/mnt/beegfs/home/mrojas/DiGenomaLab/Systemix/analysis/mag-adg-spades/Prokka/SPAdes/SPAdes-MetaBAT2Refined-S15_350.86/SPAdes-MetaBAT2Refined-S15_350.86.fna
S7_350,SPAdes-MaxBin2Refined-S7_350.017,/mnt/beegfs/home/mrojas/DiGenomaLab/Systemix/analysis/mag-adg-spades/Prokka/SPAdes/SPAdes-MaxBin2Refined-S7_350.017/SPAdes-MaxBin2Refined-S7_350.017.fna
S15_350,SPAdes-MaxBin2Refined-S15_350.066_sub,/mnt/beegfs/home/mrojas/DiGenomaLab/Systemix/analysis/mag-adg-spades/Prokka/SPAdes/SPAdes-MaxBin2Refined-S15_350.066_sub/SPAdes-MaxBin2Refined-S15_350.066_sub.fna
S15_350,SPAdes-MetaBAT2Refined-S15_350.90,/mnt/beegfs/home/mrojas/DiGenomaLab/Systemix/analysis/mag-adg-spades/Prokka/SPAdes/SPAdes-MetaBAT2Refined-S15_350.90/SPAdes-MetaBAT2Refined-S15_350.90.fna
S7_350,SPAdes-MaxBin2Refined-S7_350.033_sub,/mnt/beegfs/home/mrojas/DiGenomaLab/Systemix/analysis/mag-adg-spades/Prokka/SPAdes/SPAdes-MaxBin2Refined-S7_350.033_sub/SPAdes-MaxBin2Refined-S7_350.033_sub.fna
17,SPAdes-MetaBAT2Refined-17.196_sub,/mnt/beegfs/home/mrojas/DiGenomaLab/Systemix/analysis/mag-adg-spades/Prokka/SPAdes/SPAdes-MetaBAT2Refined-17.196_sub/SPAdes-MetaBAT2Refined-17.196_sub.fna
S7_350,SPAdes-MaxBin2Refined-S7_350.025,/mnt/beegfs/home/mrojas/DiGenomaLab/Systemix/analysis/mag-adg-spades/Prokka/SPAdes/SPAdes-MaxBin2Refined-S7_350.025/SPAdes-MaxBin2Refined-S7_350.025.fna
17,SPAdes-MaxBin2Refined-17.061_sub,/mnt/beegfs/home/mrojas/DiGenomaLab/Systemix/analysis/mag-adg-spades/Prokka/SPAdes/SPAdes-MaxBin2Refined-17.061_sub/SPAdes-MaxBin2Refined-17.061_sub.fna
S7_350,SPAdes-MaxBin2Refined-S7_350.096,/mnt/beegfs/home/mrojas/DiGenomaLab/Systemix/analysis/mag-adg-spades/Prokka/SPAdes/SPAdes-MaxBin2Refined-S7_350.096/SPAdes-MaxBin2Refined-S7_350.096.fna
S15_350,SPAdes-MaxBin2Refined-S15_350.032_sub,/mnt/beegfs/home/mrojas/DiGenomaLab/Systemix/analysis/mag-adg-spades/Prokka/SPAdes/SPAdes-MaxBin2Refined-S15_350.032_sub/SPAdes-MaxBin2Refined-S15_350.032_sub.fna
S7_350,SPAdes-MetaBAT2Refined-S7_350.118,/mnt/beegfs/home/mrojas/DiGenomaLab/Systemix/analysis/mag-adg-spades/Prokka/SPAdes/SPAdes-MetaBAT2Refined-S7_350.118/SPAdes-MetaBAT2Refined-S7_350.118.fna
S7_350,SPAdes-MaxBin2Refined-S7_350.047_sub,/mnt/beegfs/home/mrojas/DiGenomaLab/Systemix/analysis/mag-adg-spades/Prokka/SPAdes/SPAdes-MaxBin2Refined-S7_350.047_sub/SPAdes-MaxBin2Refined-S7_350.047_sub.fna
17,SPAdes-MaxBin2Refined-17.037,/mnt/beegfs/home/mrojas/DiGenomaLab/Systemix/analysis/mag-adg-spades/Prokka/SPAdes/SPAdes-MaxBin2Refined-17.037/SPAdes-MaxBin2Refined-17.037.fna
17,SPAdes-MetaBAT2Refined-17.109_sub,/mnt/beegfs/home/mrojas/DiGenomaLab/Systemix/analysis/mag-adg-spades/Prokka/SPAdes/SPAdes-MetaBAT2Refined-17.109_sub/SPAdes-MetaBAT2Refined-17.109_sub.fna
S7_350,SPAdes-MetaBAT2Refined-S7_350.79,/mnt/beegfs/home/mrojas/DiGenomaLab/Systemix/analysis/mag-adg-spades/Prokka/SPAdes/SPAdes-MetaBAT2Refined-S7_350.79/SPAdes-MetaBAT2Refined-S7_350.79.fna
S7_350,SPAdes-MaxBin2Refined-S7_350.035_sub,/mnt/beegfs/home/mrojas/DiGenomaLab/Systemix/analysis/mag-adg-spades/Prokka/SPAdes/SPAdes-MaxBin2Refined-S7_350.035_sub/SPAdes-MaxBin2Refined-S7_350.035_sub.fna
S7_350,SPAdes-MaxBin2Refined-S7_350.013_sub,/mnt/beegfs/home/mrojas/DiGenomaLab/Systemix/analysis/mag-adg-spades/Prokka/SPAdes/SPAdes-MaxBin2Refined-S7_350.013_sub/SPAdes-MaxBin2Refined-S7_350.013_sub.fna
17,SPAdes-MetaBAT2Refined-17.17,/mnt/beegfs/home/mrojas/DiGenomaLab/Systemix/analysis/mag-adg-spades/Prokka/SPAdes/SPAdes-MetaBAT2Refined-17.17/SPAdes-MetaBAT2Refined-17.17.fna
S7_350,SPAdes-MetaBAT2Refined-S7_350.106,/mnt/beegfs/home/mrojas/DiGenomaLab/Systemix/analysis/mag-adg-spades/Prokka/SPAdes/SPAdes-MetaBAT2Refined-S7_350.106/SPAdes-MetaBAT2Refined-S7_350.106.fna
S7_350,SPAdes-MetaBAT2Refined-S7_350.35_sub,/mnt/beegfs/home/mrojas/DiGenomaLab/Systemix/analysis/mag-adg-spades/Prokka/SPAdes/SPAdes-MetaBAT2Refined-S7_350.35_sub/SPAdes-MetaBAT2Refined-S7_350.35_sub.fna
17,SPAdes-MaxBin2Refined-17.014_sub,/mnt/beegfs/home/mrojas/DiGenomaLab/Systemix/analysis/mag-adg-spades/Prokka/SPAdes/SPAdes-MaxBin2Refined-17.014_sub/SPAdes-MaxBin2Refined-17.014_sub.fna
17,SPAdes-MaxBin2Refined-17.032,/mnt/beegfs/home/mrojas/DiGenomaLab/Systemix/analysis/mag-adg-spades/Prokka/SPAdes/SPAdes-MaxBin2Refined-17.032/SPAdes-MaxBin2Refined-17.032.fna
S15_350,SPAdes-MetaBAT2Refined-S15_350.60,/mnt/beegfs/home/mrojas/DiGenomaLab/Systemix/analysis/mag-adg-spades/Prokka/SPAdes/SPAdes-MetaBAT2Refined-S15_350.60/SPAdes-MetaBAT2Refined-S15_350.60.fna
S7_350,SPAdes-MaxBin2Refined-S7_350.058,/mnt/beegfs/home/mrojas/DiGenomaLab/Systemix/analysis/mag-adg-spades/Prokka/SPAdes/SPAdes-MaxBin2Refined-S7_350.058/SPAdes-MaxBin2Refined-S7_350.058.fna
S7_350,SPAdes-MaxBin2Refined-S7_350.054_sub,/mnt/beegfs/home/mrojas/DiGenomaLab/Systemix/analysis/mag-adg-spades/Prokka/SPAdes/SPAdes-MaxBin2Refined-S7_350.054_sub/SPAdes-MaxBin2Refined-S7_350.054_sub.fna
S15_350,SPAdes-MetaBAT2Refined-S15_350.32,/mnt/beegfs/home/mrojas/DiGenomaLab/Systemix/analysis/mag-adg-spades/Prokka/SPAdes/SPAdes-MetaBAT2Refined-S15_350.32/SPAdes-MetaBAT2Refined-S15_350.32.fna
S7_350,SPAdes-MaxBin2Refined-S7_350.005_sub,/mnt/beegfs/home/mrojas/DiGenomaLab/Systemix/analysis/mag-adg-spades/Prokka/SPAdes/SPAdes-MaxBin2Refined-S7_350.005_sub/SPAdes-MaxBin2Refined-S7_350.005_sub.fna
S7_350,SPAdes-MetaBAT2Refined-S7_350.66,/mnt/beegfs/home/mrojas/DiGenomaLab/Systemix/analysis/mag-adg-spades/Prokka/SPAdes/SPAdes-MetaBAT2Refined-S7_350.66/SPAdes-MetaBAT2Refined-S7_350.66.fna
17,SPAdes-MetaBAT2Refined-17.137,/mnt/beegfs/home/mrojas/DiGenomaLab/Systemix/analysis/mag-adg-spades/Prokka/SPAdes/SPAdes-MetaBAT2Refined-17.137/SPAdes-MetaBAT2Refined-17.137.fna
17,SPAdes-MetaBAT2Refined-17.143,/mnt/beegfs/home/mrojas/DiGenomaLab/Systemix/analysis/mag-adg-spades/Prokka/SPAdes/SPAdes-MetaBAT2Refined-17.143/SPAdes-MetaBAT2Refined-17.143.fna
S15_350,SPAdes-MetaBAT2Refined-S15_350.5,/mnt/beegfs/home/mrojas/DiGenomaLab/Systemix/analysis/mag-adg-spades/Prokka/SPAdes/SPAdes-MetaBAT2Refined-S15_350.5/SPAdes-MetaBAT2Refined-S15_350.5.fna
S7_350,SPAdes-MetaBAT2Refined-S7_350.58,/mnt/beegfs/home/mrojas/DiGenomaLab/Systemix/analysis/mag-adg-spades/Prokka/SPAdes/SPAdes-MetaBAT2Refined-S7_350.58/SPAdes-MetaBAT2Refined-S7_350.58.fna
17,SPAdes-MetaBAT2Refined-17.19,/mnt/beegfs/home/mrojas/DiGenomaLab/Systemix/analysis/mag-adg-spades/Prokka/SPAdes/SPAdes-MetaBAT2Refined-17.19/SPAdes-MetaBAT2Refined-17.19.fna
17,SPAdes-MetaBAT2Refined-17.20_sub,/mnt/beegfs/home/mrojas/DiGenomaLab/Systemix/analysis/mag-adg-spades/Prokka/SPAdes/SPAdes-MetaBAT2Refined-17.20_sub/SPAdes-MetaBAT2Refined-17.20_sub.fna
17,SPAdes-MetaBAT2Refined-17.160,/mnt/beegfs/home/mrojas/DiGenomaLab/Systemix/analysis/mag-adg-spades/Prokka/SPAdes/SPAdes-MetaBAT2Refined-17.160/SPAdes-MetaBAT2Refined-17.160.fna
17,SPAdes-MaxBin2Refined-17.094_sub,/mnt/beegfs/home/mrojas/DiGenomaLab/Systemix/analysis/mag-adg-spades/Prokka/SPAdes/SPAdes-MaxBin2Refined-17.094_sub/SPAdes-MaxBin2Refined-17.094_sub.fna
17,SPAdes-MaxBin2Refined-17.073_sub,/mnt/beegfs/home/mrojas/DiGenomaLab/Systemix/analysis/mag-adg-spades/Prokka/SPAdes/SPAdes-MaxBin2Refined-17.073_sub/SPAdes-MaxBin2Refined-17.073_sub.fna
17,SPAdes-MaxBin2Refined-17.142_sub,/mnt/beegfs/home/mrojas/DiGenomaLab/Systemix/analysis/mag-adg-spades/Prokka/SPAdes/SPAdes-MaxBin2Refined-17.142_sub/SPAdes-MaxBin2Refined-17.142_sub.fna
17,SPAdes-MaxBin2Refined-17.031,/mnt/beegfs/home/mrojas/DiGenomaLab/Systemix/analysis/mag-adg-spades/Prokka/SPAdes/SPAdes-MaxBin2Refined-17.031/SPAdes-MaxBin2Refined-17.031.fna
S7_350,SPAdes-MetaBAT2Refined-S7_350.92,/mnt/beegfs/home/mrojas/DiGenomaLab/Systemix/analysis/mag-adg-spades/Prokka/SPAdes/SPAdes-MetaBAT2Refined-S7_350.92/SPAdes-MetaBAT2Refined-S7_350.92.fna
17,SPAdes-MetaBAT2Refined-17.162,/mnt/beegfs/home/mrojas/DiGenomaLab/Systemix/analysis/mag-adg-spades/Prokka/SPAdes/SPAdes-MetaBAT2Refined-17.162/SPAdes-MetaBAT2Refined-17.162.fna
S7_350,SPAdes-MaxBin2Refined-S7_350.048_sub,/mnt/beegfs/home/mrojas/DiGenomaLab/Systemix/analysis/mag-adg-spades/Prokka/SPAdes/SPAdes-MaxBin2Refined-S7_350.048_sub/SPAdes-MaxBin2Refined-S7_350.048_sub.fna
17,SPAdes-MetaBAT2Refined-17.77,/mnt/beegfs/home/mrojas/DiGenomaLab/Systemix/analysis/mag-adg-spades/Prokka/SPAdes/SPAdes-MetaBAT2Refined-17.77/SPAdes-MetaBAT2Refined-17.77.fna
S7_350,SPAdes-MetaBAT2Refined-S7_350.60,/mnt/beegfs/home/mrojas/DiGenomaLab/Systemix/analysis/mag-adg-spades/Prokka/SPAdes/SPAdes-MetaBAT2Refined-S7_350.60/SPAdes-MetaBAT2Refined-S7_350.60.fna
17,SPAdes-MaxBin2Refined-17.110_sub,/mnt/beegfs/home/mrojas/DiGenomaLab/Systemix/analysis/mag-adg-spades/Prokka/SPAdes/SPAdes-MaxBin2Refined-17.110_sub/SPAdes-MaxBin2Refined-17.110_sub.fna
S7_350,SPAdes-MetaBAT2Refined-S7_350.73,/mnt/beegfs/home/mrojas/DiGenomaLab/Systemix/analysis/mag-adg-spades/Prokka/SPAdes/SPAdes-MetaBAT2Refined-S7_350.73/SPAdes-MetaBAT2Refined-S7_350.73.fna
S7_350,SPAdes-MaxBin2Refined-S7_350.024_sub,/mnt/beegfs/home/mrojas/DiGenomaLab/Systemix/analysis/mag-adg-spades/Prokka/SPAdes/SPAdes-MaxBin2Refined-S7_350.024_sub/SPAdes-MaxBin2Refined-S7_350.024_sub.fna
S15_350,SPAdes-MetaBAT2Refined-S15_350.40,/mnt/beegfs/home/mrojas/DiGenomaLab/Systemix/analysis/mag-adg-spades/Prokka/SPAdes/SPAdes-MetaBAT2Refined-S15_350.40/SPAdes-MetaBAT2Refined-S15_350.40.fna
17,SPAdes-MaxBin2Refined-17.065,/mnt/beegfs/home/mrojas/DiGenomaLab/Systemix/analysis/mag-adg-spades/Prokka/SPAdes/SPAdes-MaxBin2Refined-17.065/SPAdes-MaxBin2Refined-17.065.fna
S7_350,SPAdes-MetaBAT2Refined-S7_350.21,/mnt/beegfs/home/mrojas/DiGenomaLab/Systemix/analysis/mag-adg-spades/Prokka/SPAdes/SPAdes-MetaBAT2Refined-S7_350.21/SPAdes-MetaBAT2Refined-S7_350.21.fna
S7_350,SPAdes-MetaBAT2Refined-S7_350.43,/mnt/beegfs/home/mrojas/DiGenomaLab/Systemix/analysis/mag-adg-spades/Prokka/SPAdes/SPAdes-MetaBAT2Refined-S7_350.43/SPAdes-MetaBAT2Refined-S7_350.43.fna
17,SPAdes-MaxBin2Refined-17.025,/mnt/beegfs/home/mrojas/DiGenomaLab/Systemix/analysis/mag-adg-spades/Prokka/SPAdes/SPAdes-MaxBin2Refined-17.025/SPAdes-MaxBin2Refined-17.025.fna
S7_350,SPAdes-MetaBAT2Refined-S7_350.127,/mnt/beegfs/home/mrojas/DiGenomaLab/Systemix/analysis/mag-adg-spades/Prokka/SPAdes/SPAdes-MetaBAT2Refined-S7_350.127/SPAdes-MetaBAT2Refined-S7_350.127.fna
S15_350,SPAdes-MetaBAT2Refined-S15_350.53,/mnt/beegfs/home/mrojas/DiGenomaLab/Systemix/analysis/mag-adg-spades/Prokka/SPAdes/SPAdes-MetaBAT2Refined-S15_350.53/SPAdes-MetaBAT2Refined-S15_350.53.fna
S7_350,SPAdes-MetaBAT2Refined-S7_350.136_sub,/mnt/beegfs/home/mrojas/DiGenomaLab/Systemix/analysis/mag-adg-spades/Prokka/SPAdes/SPAdes-MetaBAT2Refined-S7_350.136_sub/SPAdes-MetaBAT2Refined-S7_350.136_sub.fna
17,SPAdes-MetaBAT2Refined-17.74,/mnt/beegfs/home/mrojas/DiGenomaLab/Systemix/analysis/mag-adg-spades/Prokka/SPAdes/SPAdes-MetaBAT2Refined-17.74/SPAdes-MetaBAT2Refined-17.74.fna
17,SPAdes-MetaBAT2Refined-17.1,/mnt/beegfs/home/mrojas/DiGenomaLab/Systemix/analysis/mag-adg-spades/Prokka/SPAdes/SPAdes-MetaBAT2Refined-17.1/SPAdes-MetaBAT2Refined-17.1.fna
S7_350,SPAdes-MetaBAT2Refined-S7_350.6,/mnt/beegfs/home/mrojas/DiGenomaLab/Systemix/analysis/mag-adg-spades/Prokka/SPAdes/SPAdes-MetaBAT2Refined-S7_350.6/SPAdes-MetaBAT2Refined-S7_350.6.fna
17,SPAdes-MetaBAT2Refined-17.114_sub,/mnt/beegfs/home/mrojas/DiGenomaLab/Systemix/analysis/mag-adg-spades/Prokka/SPAdes/SPAdes-MetaBAT2Refined-17.114_sub/SPAdes-MetaBAT2Refined-17.114_sub.fna
S15_350,SPAdes-MaxBin2Refined-S15_350.002,/mnt/beegfs/home/mrojas/DiGenomaLab/Systemix/analysis/mag-adg-spades/Prokka/SPAdes/SPAdes-MaxBin2Refined-S15_350.002/SPAdes-MaxBin2Refined-S15_350.002.fna
S7_350,SPAdes-MetaBAT2Refined-S7_350.50,/mnt/beegfs/home/mrojas/DiGenomaLab/Systemix/analysis/mag-adg-spades/Prokka/SPAdes/SPAdes-MetaBAT2Refined-S7_350.50/SPAdes-MetaBAT2Refined-S7_350.50.fna
17,SPAdes-MetaBAT2Refined-17.82,/mnt/beegfs/home/mrojas/DiGenomaLab/Systemix/analysis/mag-adg-spades/Prokka/SPAdes/SPAdes-MetaBAT2Refined-17.82/SPAdes-MetaBAT2Refined-17.82.fna
17,SPAdes-MetaBAT2Refined-17.201,/mnt/beegfs/home/mrojas/DiGenomaLab/Systemix/analysis/mag-adg-spades/Prokka/SPAdes/SPAdes-MetaBAT2Refined-17.201/SPAdes-MetaBAT2Refined-17.201.fna
S7_350,SPAdes-MetaBAT2Refined-S7_350.124,/mnt/beegfs/home/mrojas/DiGenomaLab/Systemix/analysis/mag-adg-spades/Prokka/SPAdes/SPAdes-MetaBAT2Refined-S7_350.124/SPAdes-MetaBAT2Refined-S7_350.124.fna
S7_350,SPAdes-MetaBAT2Refined-S7_350.65,/mnt/beegfs/home/mrojas/DiGenomaLab/Systemix/analysis/mag-adg-spades/Prokka/SPAdes/SPAdes-MetaBAT2Refined-S7_350.65/SPAdes-MetaBAT2Refined-S7_350.65.fna
17,SPAdes-MetaBAT2Refined-17.18,/mnt/beegfs/home/mrojas/DiGenomaLab/Systemix/analysis/mag-adg-spades/Prokka/SPAdes/SPAdes-MetaBAT2Refined-17.18/SPAdes-MetaBAT2Refined-17.18.fna
S15_350,SPAdes-MetaBAT2Refined-S15_350.79,/mnt/beegfs/home/mrojas/DiGenomaLab/Systemix/analysis/mag-adg-spades/Prokka/SPAdes/SPAdes-MetaBAT2Refined-S15_350.79/SPAdes-MetaBAT2Refined-S15_350.79.fna
S7_350,SPAdes-MetaBAT2Refined-S7_350.1,/mnt/beegfs/home/mrojas/DiGenomaLab/Systemix/analysis/mag-adg-spades/Prokka/SPAdes/SPAdes-MetaBAT2Refined-S7_350.1/SPAdes-MetaBAT2Refined-S7_350.1.fna
S15_350,SPAdes-MaxBin2Refined-S15_350.015_sub,/mnt/beegfs/home/mrojas/DiGenomaLab/Systemix/analysis/mag-adg-spades/Prokka/SPAdes/SPAdes-MaxBin2Refined-S15_350.015_sub/SPAdes-MaxBin2Refined-S15_350.015_sub.fna
17,SPAdes-MaxBin2Refined-17.006,/mnt/beegfs/home/mrojas/DiGenomaLab/Systemix/analysis/mag-adg-spades/Prokka/SPAdes/SPAdes-MaxBin2Refined-17.006/SPAdes-MaxBin2Refined-17.006.fna
17,SPAdes-MetaBAT2Refined-17.36,/mnt/beegfs/home/mrojas/DiGenomaLab/Systemix/analysis/mag-adg-spades/Prokka/SPAdes/SPAdes-MetaBAT2Refined-17.36/SPAdes-MetaBAT2Refined-17.36.fna
17,SPAdes-MetaBAT2Refined-17.141,/mnt/beegfs/home/mrojas/DiGenomaLab/Systemix/analysis/mag-adg-spades/Prokka/SPAdes/SPAdes-MetaBAT2Refined-17.141/SPAdes-MetaBAT2Refined-17.141.fna
S7_350,SPAdes-MaxBin2Refined-S7_350.038,/mnt/beegfs/home/mrojas/DiGenomaLab/Systemix/analysis/mag-adg-spades/Prokka/SPAdes/SPAdes-MaxBin2Refined-S7_350.038/SPAdes-MaxBin2Refined-S7_350.038.fna
S15_350,SPAdes-MetaBAT2Refined-S15_350.22,/mnt/beegfs/home/mrojas/DiGenomaLab/Systemix/analysis/mag-adg-spades/Prokka/SPAdes/SPAdes-MetaBAT2Refined-S15_350.22/SPAdes-MetaBAT2Refined-S15_350.22.fna
S15_350,SPAdes-MaxBin2Refined-S15_350.065,/mnt/beegfs/home/mrojas/DiGenomaLab/Systemix/analysis/mag-adg-spades/Prokka/SPAdes/SPAdes-MaxBin2Refined-S15_350.065/SPAdes-MaxBin2Refined-S15_350.065.fna
S7_350,SPAdes-MetaBAT2Refined-S7_350.71,/mnt/beegfs/home/mrojas/DiGenomaLab/Systemix/analysis/mag-adg-spades/Prokka/SPAdes/SPAdes-MetaBAT2Refined-S7_350.71/SPAdes-MetaBAT2Refined-S7_350.71.fna
S15_350,SPAdes-MetaBAT2Refined-S15_350.67,/mnt/beegfs/home/mrojas/DiGenomaLab/Systemix/analysis/mag-adg-spades/Prokka/SPAdes/SPAdes-MetaBAT2Refined-S15_350.67/SPAdes-MetaBAT2Refined-S15_350.67.fna
S7_350,SPAdes-MaxBin2Refined-S7_350.032_sub,/mnt/beegfs/home/mrojas/DiGenomaLab/Systemix/analysis/mag-adg-spades/Prokka/SPAdes/SPAdes-MaxBin2Refined-S7_350.032_sub/SPAdes-MaxBin2Refined-S7_350.032_sub.fna
17,SPAdes-MaxBin2Refined-17.093_sub,/mnt/beegfs/home/mrojas/DiGenomaLab/Systemix/analysis/mag-adg-spades/Prokka/SPAdes/SPAdes-MaxBin2Refined-17.093_sub/SPAdes-MaxBin2Refined-17.093_sub.fna
S15_350,SPAdes-MetaBAT2Refined-S15_350.12,/mnt/beegfs/home/mrojas/DiGenomaLab/Systemix/analysis/mag-adg-spades/Prokka/SPAdes/SPAdes-MetaBAT2Refined-S15_350.12/SPAdes-MetaBAT2Refined-S15_350.12.fna
S7_350,SPAdes-MetaBAT2Refined-S7_350.78,/mnt/beegfs/home/mrojas/DiGenomaLab/Systemix/analysis/mag-adg-spades/Prokka/SPAdes/SPAdes-MetaBAT2Refined-S7_350.78/SPAdes-MetaBAT2Refined-S7_350.78.fna
17,SPAdes-MetaBAT2Refined-17.117,/mnt/beegfs/home/mrojas/DiGenomaLab/Systemix/analysis/mag-adg-spades/Prokka/SPAdes/SPAdes-MetaBAT2Refined-17.117/SPAdes-MetaBAT2Refined-17.117.fna
S15_350,SPAdes-MetaBAT2Refined-S15_350.52,/mnt/beegfs/home/mrojas/DiGenomaLab/Systemix/analysis/mag-adg-spades/Prokka/SPAdes/SPAdes-MetaBAT2Refined-S15_350.52/SPAdes-MetaBAT2Refined-S15_350.52.fna
S7_350,SPAdes-MetaBAT2Refined-S7_350.47,/mnt/beegfs/home/mrojas/DiGenomaLab/Systemix/analysis/mag-adg-spades/Prokka/SPAdes/SPAdes-MetaBAT2Refined-S7_350.47/SPAdes-MetaBAT2Refined-S7_350.47.fna
S7_350,SPAdes-MetaBAT2Refined-S7_350.10,/mnt/beegfs/home/mrojas/DiGenomaLab/Systemix/analysis/mag-adg-spades/Prokka/SPAdes/SPAdes-MetaBAT2Refined-S7_350.10/SPAdes-MetaBAT2Refined-S7_350.10.fna
17,SPAdes-MetaBAT2Refined-17.106,/mnt/beegfs/home/mrojas/DiGenomaLab/Systemix/analysis/mag-adg-spades/Prokka/SPAdes/SPAdes-MetaBAT2Refined-17.106/SPAdes-MetaBAT2Refined-17.106.fna
S7_350,SPAdes-MetaBAT2Refined-S7_350.28,/mnt/beegfs/home/mrojas/DiGenomaLab/Systemix/analysis/mag-adg-spades/Prokka/SPAdes/SPAdes-MetaBAT2Refined-S7_350.28/SPAdes-MetaBAT2Refined-S7_350.28.fna
S7_350,SPAdes-MaxBin2Refined-S7_350.009_sub,/mnt/beegfs/home/mrojas/DiGenomaLab/Systemix/analysis/mag-adg-spades/Prokka/SPAdes/SPAdes-MaxBin2Refined-S7_350.009_sub/SPAdes-MaxBin2Refined-S7_350.009_sub.fna
17,SPAdes-MetaBAT2Refined-17.212,/mnt/beegfs/home/mrojas/DiGenomaLab/Systemix/analysis/mag-adg-spades/Prokka/SPAdes/SPAdes-MetaBAT2Refined-17.212/SPAdes-MetaBAT2Refined-17.212.fna
S7_350,SPAdes-MetaBAT2Refined-S7_350.94,/mnt/beegfs/home/mrojas/DiGenomaLab/Systemix/analysis/mag-adg-spades/Prokka/SPAdes/SPAdes-MetaBAT2Refined-S7_350.94/SPAdes-MetaBAT2Refined-S7_350.94.fna
S7_350,SPAdes-MetaBAT2Refined-S7_350.75_sub,/mnt/beegfs/home/mrojas/DiGenomaLab/Systemix/analysis/mag-adg-spades/Prokka/SPAdes/SPAdes-MetaBAT2Refined-S7_350.75_sub/SPAdes-MetaBAT2Refined-S7_350.75_sub.fna
S7_350,SPAdes-MetaBAT2Refined-S7_350.162,/mnt/beegfs/home/mrojas/DiGenomaLab/Systemix/analysis/mag-adg-spades/Prokka/SPAdes/SPAdes-MetaBAT2Refined-S7_350.162/SPAdes-MetaBAT2Refined-S7_350.162.fna
S15_350,SPAdes-MetaBAT2Refined-S15_350.82,/mnt/beegfs/home/mrojas/DiGenomaLab/Systemix/analysis/mag-adg-spades/Prokka/SPAdes/SPAdes-MetaBAT2Refined-S15_350.82/SPAdes-MetaBAT2Refined-S15_350.82.fna
17,SPAdes-MetaBAT2Refined-17.102_sub,/mnt/beegfs/home/mrojas/DiGenomaLab/Systemix/analysis/mag-adg-spades/Prokka/SPAdes/SPAdes-MetaBAT2Refined-17.102_sub/SPAdes-MetaBAT2Refined-17.102_sub.fna
S7_350,SPAdes-MaxBin2Refined-S7_350.021_sub,/mnt/beegfs/home/mrojas/DiGenomaLab/Systemix/analysis/mag-adg-spades/Prokka/SPAdes/SPAdes-MaxBin2Refined-S7_350.021_sub/SPAdes-MaxBin2Refined-S7_350.021_sub.fna
17,SPAdes-MaxBin2Refined-17.040,/mnt/beegfs/home/mrojas/DiGenomaLab/Systemix/analysis/mag-adg-spades/Prokka/SPAdes/SPAdes-MaxBin2Refined-17.040/SPAdes-MaxBin2Refined-17.040.fna
S7_350,SPAdes-MaxBin2Refined-S7_350.046,/mnt/beegfs/home/mrojas/DiGenomaLab/Systemix/analysis/mag-adg-spades/Prokka/SPAdes/SPAdes-MaxBin2Refined-S7_350.046/SPAdes-MaxBin2Refined-S7_350.046.fna
S7_350,SPAdes-MaxBin2Refined-S7_350.010,/mnt/beegfs/home/mrojas/DiGenomaLab/Systemix/analysis/mag-adg-spades/Prokka/SPAdes/SPAdes-MaxBin2Refined-S7_350.010/SPAdes-MaxBin2Refined-S7_350.010.fna
17,SPAdes-MetaBAT2Refined-17.87_sub,/mnt/beegfs/home/mrojas/DiGenomaLab/Systemix/analysis/mag-adg-spades/Prokka/SPAdes/SPAdes-MetaBAT2Refined-17.87_sub/SPAdes-MetaBAT2Refined-17.87_sub.fna
17,SPAdes-MetaBAT2Refined-17.78,/mnt/beegfs/home/mrojas/DiGenomaLab/Systemix/analysis/mag-adg-spades/Prokka/SPAdes/SPAdes-MetaBAT2Refined-17.78/SPAdes-MetaBAT2Refined-17.78.fna
17,SPAdes-MaxBin2Refined-17.005_sub,/mnt/beegfs/home/mrojas/DiGenomaLab/Systemix/analysis/mag-adg-spades/Prokka/SPAdes/SPAdes-MaxBin2Refined-17.005_sub/SPAdes-MaxBin2Refined-17.005_sub.fna
17,SPAdes-MaxBin2Refined-17.033_sub,/mnt/beegfs/home/mrojas/DiGenomaLab/Systemix/analysis/mag-adg-spades/Prokka/SPAdes/SPAdes-MaxBin2Refined-17.033_sub/SPAdes-MaxBin2Refined-17.033_sub.fna
17,SPAdes-MetaBAT2Refined-17.127_sub,/mnt/beegfs/home/mrojas/DiGenomaLab/Systemix/analysis/mag-adg-spades/Prokka/SPAdes/SPAdes-MetaBAT2Refined-17.127_sub/SPAdes-MetaBAT2Refined-17.127_sub.fna
17,SPAdes-MaxBin2Refined-17.152_sub,/mnt/beegfs/home/mrojas/DiGenomaLab/Systemix/analysis/mag-adg-spades/Prokka/SPAdes/SPAdes-MaxBin2Refined-17.152_sub/SPAdes-MaxBin2Refined-17.152_sub.fna
17,SPAdes-MaxBin2Refined-17.096,/mnt/beegfs/home/mrojas/DiGenomaLab/Systemix/analysis/mag-adg-spades/Prokka/SPAdes/SPAdes-MaxBin2Refined-17.096/SPAdes-MaxBin2Refined-17.096.fna
S7_350,SPAdes-MetaBAT2Refined-S7_350.171_sub,/mnt/beegfs/home/mrojas/DiGenomaLab/Systemix/analysis/mag-adg-spades/Prokka/SPAdes/SPAdes-MetaBAT2Refined-S7_350.171_sub/SPAdes-MetaBAT2Refined-S7_350.171_sub.fna
S15_350,SPAdes-MetaBAT2Refined-S15_350.38,/mnt/beegfs/home/mrojas/DiGenomaLab/Systemix/analysis/mag-adg-spades/Prokka/SPAdes/SPAdes-MetaBAT2Refined-S15_350.38/SPAdes-MetaBAT2Refined-S15_350.38.fna
17,SPAdes-MetaBAT2Refined-17.21,/mnt/beegfs/home/mrojas/DiGenomaLab/Systemix/analysis/mag-adg-spades/Prokka/SPAdes/SPAdes-MetaBAT2Refined-17.21/SPAdes-MetaBAT2Refined-17.21.fna
S7_350,SPAdes-MaxBin2Refined-S7_350.019,/mnt/beegfs/home/mrojas/DiGenomaLab/Systemix/analysis/mag-adg-spades/Prokka/SPAdes/SPAdes-MaxBin2Refined-S7_350.019/SPAdes-MaxBin2Refined-S7_350.019.fna
S15_350,SPAdes-MetaBAT2Refined-S15_350.11_sub,/mnt/beegfs/home/mrojas/DiGenomaLab/Systemix/analysis/mag-adg-spades/Prokka/SPAdes/SPAdes-MetaBAT2Refined-S15_350.11_sub/SPAdes-MetaBAT2Refined-S15_350.11_sub.fna
S7_350,SPAdes-MaxBin2Refined-S7_350.059_sub,/mnt/beegfs/home/mrojas/DiGenomaLab/Systemix/analysis/mag-adg-spades/Prokka/SPAdes/SPAdes-MaxBin2Refined-S7_350.059_sub/SPAdes-MaxBin2Refined-S7_350.059_sub.fna
17,SPAdes-MaxBin2Refined-17.064_sub,/mnt/beegfs/home/mrojas/DiGenomaLab/Systemix/analysis/mag-adg-spades/Prokka/SPAdes/SPAdes-MaxBin2Refined-17.064_sub/SPAdes-MaxBin2Refined-17.064_sub.fna
S15_350,SPAdes-MaxBin2Refined-S15_350.001,/mnt/beegfs/home/mrojas/DiGenomaLab/Systemix/analysis/mag-adg-spades/Prokka/SPAdes/SPAdes-MaxBin2Refined-S15_350.001/SPAdes-MaxBin2Refined-S15_350.001.fna
S15_350,SPAdes-MaxBin2Refined-S15_350.021,/mnt/beegfs/home/mrojas/DiGenomaLab/Systemix/analysis/mag-adg-spades/Prokka/SPAdes/SPAdes-MaxBin2Refined-S15_350.021/SPAdes-MaxBin2Refined-S15_350.021.fna
17,SPAdes-MaxBin2Refined-17.010,/mnt/beegfs/home/mrojas/DiGenomaLab/Systemix/analysis/mag-adg-spades/Prokka/SPAdes/SPAdes-MaxBin2Refined-17.010/SPAdes-MaxBin2Refined-17.010.fna
S15_350,SPAdes-MetaBAT2Refined-S15_350.6,/mnt/beegfs/home/mrojas/DiGenomaLab/Systemix/analysis/mag-adg-spades/Prokka/SPAdes/SPAdes-MetaBAT2Refined-S15_350.6/SPAdes-MetaBAT2Refined-S15_350.6.fna
S15_350,SPAdes-MaxBin2Refined-S15_350.003_sub,/mnt/beegfs/home/mrojas/DiGenomaLab/Systemix/analysis/mag-adg-spades/Prokka/SPAdes/SPAdes-MaxBin2Refined-S15_350.003_sub/SPAdes-MaxBin2Refined-S15_350.003_sub.fna
S7_350,SPAdes-MetaBAT2Refined-S7_350.142,/mnt/beegfs/home/mrojas/DiGenomaLab/Systemix/analysis/mag-adg-spades/Prokka/SPAdes/SPAdes-MetaBAT2Refined-S7_350.142/SPAdes-MetaBAT2Refined-S7_350.142.fna
S7_350,SPAdes-MetaBAT2Refined-S7_350.83,/mnt/beegfs/home/mrojas/DiGenomaLab/Systemix/analysis/mag-adg-spades/Prokka/SPAdes/SPAdes-MetaBAT2Refined-S7_350.83/SPAdes-MetaBAT2Refined-S7_350.83.fna
17,SPAdes-MaxBin2Refined-17.055,/mnt/beegfs/home/mrojas/DiGenomaLab/Systemix/analysis/mag-adg-spades/Prokka/SPAdes/SPAdes-MaxBin2Refined-17.055/SPAdes-MaxBin2Refined-17.055.fna
S7_350,SPAdes-MetaBAT2Refined-S7_350.32,/mnt/beegfs/home/mrojas/DiGenomaLab/Systemix/analysis/mag-adg-spades/Prokka/SPAdes/SPAdes-MetaBAT2Refined-S7_350.32/SPAdes-MetaBAT2Refined-S7_350.32.fna
S15_350,SPAdes-MetaBAT2Refined-S15_350.87,/mnt/beegfs/home/mrojas/DiGenomaLab/Systemix/analysis/mag-adg-spades/Prokka/SPAdes/SPAdes-MetaBAT2Refined-S15_350.87/SPAdes-MetaBAT2Refined-S15_350.87.fna
17,SPAdes-MaxBin2Refined-17.122,/mnt/beegfs/home/mrojas/DiGenomaLab/Systemix/analysis/mag-adg-spades/Prokka/SPAdes/SPAdes-MaxBin2Refined-17.122/SPAdes-MaxBin2Refined-17.122.fna
17,SPAdes-MetaBAT2Refined-17.157_sub,/mnt/beegfs/home/mrojas/DiGenomaLab/Systemix/analysis/mag-adg-spades/Prokka/SPAdes/SPAdes-MetaBAT2Refined-17.157_sub/SPAdes-MetaBAT2Refined-17.157_sub.fna
S15_350,SPAdes-MetaBAT2Refined-S15_350.78_sub,/mnt/beegfs/home/mrojas/DiGenomaLab/Systemix/analysis/mag-adg-spades/Prokka/SPAdes/SPAdes-MetaBAT2Refined-S15_350.78_sub/SPAdes-MetaBAT2Refined-S15_350.78_sub.fna
17,SPAdes-MaxBin2Refined-17.009_sub,/mnt/beegfs/home/mrojas/DiGenomaLab/Systemix/analysis/mag-adg-spades/Prokka/SPAdes/SPAdes-MaxBin2Refined-17.009_sub/SPAdes-MaxBin2Refined-17.009_sub.fna
17,SPAdes-MaxBin2Refined-17.019,/mnt/beegfs/home/mrojas/DiGenomaLab/Systemix/analysis/mag-adg-spades/Prokka/SPAdes/SPAdes-MaxBin2Refined-17.019/SPAdes-MaxBin2Refined-17.019.fna
S7_350,SPAdes-MetaBAT2Refined-S7_350.129,/mnt/beegfs/home/mrojas/DiGenomaLab/Systemix/analysis/mag-adg-spades/Prokka/SPAdes/SPAdes-MetaBAT2Refined-S7_350.129/SPAdes-MetaBAT2Refined-S7_350.129.fna
S7_350,SPAdes-MetaBAT2Refined-S7_350.13,/mnt/beegfs/home/mrojas/DiGenomaLab/Systemix/analysis/mag-adg-spades/Prokka/SPAdes/SPAdes-MetaBAT2Refined-S7_350.13/SPAdes-MetaBAT2Refined-S7_350.13.fna
S7_350,SPAdes-MetaBAT2Refined-S7_350.107,/mnt/beegfs/home/mrojas/DiGenomaLab/Systemix/analysis/mag-adg-spades/Prokka/SPAdes/SPAdes-MetaBAT2Refined-S7_350.107/SPAdes-MetaBAT2Refined-S7_350.107.fna
17,SPAdes-MetaBAT2Refined-17.150,/mnt/beegfs/home/mrojas/DiGenomaLab/Systemix/analysis/mag-adg-spades/Prokka/SPAdes/SPAdes-MetaBAT2Refined-17.150/SPAdes-MetaBAT2Refined-17.150.fna
